NM_LOCAL_VOTACAO,DS_LOCAL_VOTACAO_ENDERECO,NR_ZONA,QT_VOTOS
COLEGIO DE APLICACAO DA UFRGS,"AV. BENTO GONCALVES, 9500",159,561
EDGAR LUIZ SCHNEIDER - ESCOLA ESTADUAL,"AV. ELIAS CIRNE LIMA, 100 - ESQ. AV. BENTO GONCALVES",113,214
ESC. EST. DE 1 GRAU PROF. ALCIDES CUNHA,"RUA HELIO PIMPAO, 52",159,205
PUCRS - PONTIFÍCIA UNIVERSIDADE CATÓLICA - PRÉDIO 50,"AV. IPIRANGA, 6681 - PRÉDIO 50",159,122
ESC. EST. DE 1 GRAU MIN. SALGADO FILHO,"RUA DR. JOSE BENTO CORREA, 100 - JARDIM YPU",159,118
COLEGIO MARISTA CHAMPAGNAT,"AV. BENTO GONCALVES, 4314",159,105
ESC. EST. DE 1 GRAU INC. DESIDERIO TORQUATO FINAMOR,"AV. BENTO GONCALVES, 7500",159,95
ESCOLA ESTADUAL DE ENSINO FUNDAMENTAL JAPÃO,"RUA ENRICO CARUSO, 444",112,93
SANTA ROSA - ESC. EST. DE ENS. MEDIO,"AV. BERNARDINO DE OLIVEIRA PAIM, 665 - VILA SANTA ROSA",158,77
GEMA ANGELINA BELIA - ESCOLA ESTADUAL,"AV. ANTONIO DE CARVALHO, 495",113,76
"PROF. OSCAR PEREIRA, ESC EST ENS MED","RUA FRANCISCO MARTINS, S/N",114,75
ESCOLA ESTADUAL RAFAELA REMIAO,"ESTRADA JOÃO DE OLIVEIRA REMIÃO, 2689 - PAR. 06",159,72
ESC. MUN. DE 1 GRAU AFONSO GUERREIRO LIMA,"RUA GUAIBA, 203 - PARADA 11",159,66
SANTO ANTONIO - COLEGIO,"RUA LUIZ DE CAMOES, 372",113,64
BALTAZAR DE OLIVEIRA GARCIA - ESC. EST. DE ENS. MEDIO,"RUA  SGT. SILVIO DELMAR HOLLENBACH, 69",158,63
CASA DO PEQUENO OPERARIO-DOM BOSCO,EDUARDO CHARTTIER N 360,111,62
INSTITUTO DE EDUCACAO SAO FRANCISCO,"AV. BALTAZAR DE OLIVEIRA GARCIA, 4879",158,61
OTAVIO ROCHA - ESCOLA ESTADUAL,"RUA GUILHERME ALVES, 1900",113,61
NOSSA SENHORA DA GLORIA - COLEGIO,"AV. PROF. OSCAR PEREIRA, 3052",113,59
INSTITUTO EDUCACIONAL SÃO JUDAS TADEU,"RUA DOM DIOGO DE SOUZA, 100",112,59
COLÉGIO SANTA DOROTÉIA,"RUA MALI, 405",112,57
COLEGIO NOSSA SENHORA DO BOM CONSELHO,"RUA RAMIRO BARCELOS, 996",2,53
MARIZ E BARROS - ESC. EST. DE ENS. MEDIO,"AV.  DEL. ELY CORREA PRADO, 915 - VILA SAFIRA",158,53
ITAMARATI - ESC. EST. DE ENS. FUNDAMENTAL,"AV. FRANCISCO RODOLFO SIMCH, 617 - PASSO DA MANGUEIRA",112,52
"VERA CRUZ, ESC EST ENS FUND","RUA DONA LUIZA ROCCO, S/N - PROXIMO AV OSCAR PEREIRA",114,51
ESCOLA SÃO LUIZ GUANELLA,"AV BENNO MENTZ, 1560",112,51
ESC. EST. DE ENSINO MÉDIO AGRÔNOMO PEDRO PEREIRA,"AV. BENTO GONÇALVES, 8426",159,51
ESCOLA ESTADUAL DOM DIOGO DE SOUZA,"RUA ADÃO BAINO, 206",112,51
ESC. MUN. DE 1 GRAU HEITOR VILLA LOBOS - CIEM,"RUA SANTO DIAS DA SILVA, S/N - VILA MAPA - PARADA 4",159,51
PROF. LEOPOLDO TIETBOHL - ESCOLA ESTADUAL,"RUA RIVEIRA, 400",113,50
MAURICIO SIROTSKY SOBRINHO - ESCOLA ESTADUAL,"RUA PADRE CALDAS, 59",113,50
PADRE BALDUINO RAMBO - ESCOLA ESTADUAL,"RUA HUMBERTO DE CAMPOS, 130",113,48
ANTAO DE FARIA - ESCOLA ESTADUAL,"RUA BOM JESUS, 505",113,47
GOVERNADOR ILDO MENEGHETTI - ESC. MUNICIPAL DE ENS. FUNDAMENTAL,"RUA JAYME CYRINO MACHADO DE OLIVEIRA, 250",158,46
GEN. IBA ILHA MOREIRA - ESCOLA ESTADUAL,"RUA UM, S/N - CEFER I",113,45
ESC. ESTADUAL DE ENSINO FUND. E MÉDIO MONS. LEOPOLDO HOFF,"RUA MOEMA, 255",111,45
"ANITA GARIBALDI, ESC EST ENS FUND INC","AV. SAO JOSE DO NORTE, S/N",114,45
COLEGIO MARISTA NOSSA SENHORA DO ROSARIO,"PRACA DOM SEBASTIAO, 02",2,45
ESEF - ESCOLA SUPERIOR DE EDUCACAO FISICA,"RUA FELIZARDO, 750",113,45
PAN AMERICAN SCHOOL (ANTIGO COLÉGIO VERA CRUZ),JOAO OBINO N 110,111,44
ESCOLA DE ENSINO FUNDAMENTAL E MÉDIO JOSÉ CÉSAR MESQUITA,"AV. DO FORTE, 77",112,44
COLEGIO SAO JOSE DO MURIALDO,"RUA VIDAL DE NEGREIROS, 423",159,44
COLÉGIO SINODAL DO SALVADOR,"AV. MATHILDE TREIN RENNER, 55",112,44
COLÉGIO ROMANO SENHOR BOM JESUS,"RUA IRMÃO INOCÊNCIO LUIZ, 21",112,42
COLEGIO LEONARDO DA VINCI - ALFA,"RUA CABRAL, 555",2,42
JOAO ANTONIO SATTE - ESC. MUNICIPAL DE ENS. FUNDAMENTAL,"AV. GAMAL ABDEL NASSER, 500 - PARQUE DOS MAIAS",158,42
ESC. EST. DE ENSINO FUNDAMENTAL ONOFRE PIRES,"BECO DO DAVID, 269 - PARADA 1A",159,42
DAVID CANABARRO - ESC. EST. DE ENS. FUNDAMENTAL,"RUA LYDIA MOSCHETTI, 200 - JARDIM LEOPOLDINA",158,42
ESCOLA ESTADUAL DE ENSINO FUNDAMENTAL TOYAMA,"ACESSO TOYAMA, 1",112,41
INSTITUTO PIRATINI,EUDORO BERLINK N 632,111,41
MIN. POTY MEDEIROS - ESC. EST. DE ENS. FUNDAMENTAL,"RUA VICENTE CELESTINO, 120 - PARQUE DOS MAIAS",158,41
ANCHIETA COLEGIO,AVENIDA NILO PEÇANHA N 1521,111,41
ESC. EST. DE ENSINO FUNDAMENTAL MARIA CRISTINA CHIKA,"ESTR. JOAO DE OLIVEIRA REMIAO, 6505 - PARADA 16",159,41
EMEF MORADAS DA HIPICA,"RUA GERALDO TOLLENS LINCK, S/N",161,40
ESCOLA ESTADUAL PRESIDENTE ROOSEVELT,"RUA BOTAFOGO, 396",1,39
FERNANDO GOMES - ESCOLA ESTADUAL,"RUA PROF. FREDERICO GUILHERME GAELZER, 168",113,39
ESC. MUN. DE 1 GRAU SAO PEDRO,"BECO DA TAQUARA, S/N - VILA SAO PEDRO - PARADA 13",159,39
ESC. EST. DE 1 GRAU INC. JERONIMO DE ALBUQUERQUE,"RUA JUAREZ TAVORA, 550",159,39
ESCOLA EST. DE ENS. MÉDIO REPÚBLICA ARGENTINA,"AV.  BOGOTÁ, 789",112,39
DECIO MARTINS COSTA - E. M. E. F - SANTO AGOSTINHO,"RUA CRISTÓVÃO JAQUES, 488 - VILA SANTO AGOSTINHO",158,39
CEASA - PORTO ALEGRE,"AV. FERNANDO FERRARI, 1001",111,39
NOSSA SENHORA DE FATIMA - ESCOLA MUNICIPAL,"RUA A, 15 - VILA NOSSA SENHORA DE FATIMA",113,39
SANTA INES - COLEGIO,"AV PROTASIO ALVES, 2493",113,38
ESCOLA DE ENSINO FUNDAMENTAL E MÉDIO RUBEN BERTA,"AV. SATURNINO DE BRITO, 1400",112,38
ESCOLA DE ENSINO FUNDAMENTAL PRUDENTE DE MORAIS,"RUA PRUDENTE DE MORAIS, 57",111,36
COLÉGIO ESTADUAL PROF. ELMANO LAUFFER LEAL,"RUA TENENTE ARY TARRAGÔ, 3345",112,36
"ASSUNÇÃO, COLEGIO MARISTA","RUA DOM BOSCO, 103",114,35
ASSOCIACAO LEOPOLDINA JUVENIL,"RUA MARQUES DO HERVAL, 280",2,35
PADRE RAMBO - ESCOLA ESTADUAL,"AV. BENTO GONCALVES, 1731",113,35
"EMILIO MEYER, ESC MUNIC","AV NITEROI, 472",114,35
ESCOLA ESTADUAL ENSINO BÁSICO GOMES CARNEIRO,"PRAÇA ENGENHEIRO PAULO DE ARAGÃO BOZANO, S/N",112,35
COELHO NETO - ESCOLA ESTADUAL,"RUA ALEXANDRE HERCULANO, 11",113,35
LINDÓIA TÊNIS CLUBE,"RUA COMANDANTE GUSTAVO CRAMER, 90",112,34
SECRETARIA MUNICIPAL DO MEIO AMBIENTE,AVENIDA CARLOS GOMES N 2120,111,34
ESCOLA DE ENSINO FUNDAMENTAL E MÉDIO ITÁLIA,"AV. PROFESSOR PAULA SOARES, 1095",112,34
"PASTOR DOHMS, CENTRO DE ENSINO MÉDIO","AV. ARNALDO BOHRER, 253",114,34
CARLOS RODRIGUES DA SILVA - ESCOLA ESTADUAL,IBIRAPUITA N 65 VILA SESI,111,32
INSTITUTO METODISTA DE EDUCACAO E CULTURA,"RUA LAURO DE OLIVEIRA, 71",2,32
VISCONDE DE PELOTAS - E.E. DE 1 GRAU,"RUA ARTUR ROCHA, 200",111,32
PROF. MARIETA DA CUNHA SILVA - ESC. EST. DE ENS. FUNDAMENTAL,"RUA PAULO MADUREIRA COELHO, 165 - VILA PETROPOLIS",112,31
ESCOLA DE 1 GRAU NOSSA SENHORA DO BRASIL,"RUA ALARICO VALENCA, 161",159,31
ESCOLA ESTADUAL APELES PORTO ALEGRE,"RUA SAO MANOEL, 1981",2,31
SAO JOAO COLEGIO,HONORIO SILVEIRA DIAS N 645,111,31
COLEGIO BATISTA,"AV. CRISTOVAO COLOMBO, 1098",2,31
PUC - PRÉDIO 11 - SEÇÕES EEEF DR. MARTINS COSTA JUNIOR,"AV.IPIRANGA, 6681",159,31
LIDIA MOSCHETTI - ESC. EST. DE ENS. FUNDAMENTAL,"AV. SILVESTRE FELIX RODRIGUES, 1000",112,31
SALÃO PAROQUIAL IGREJA SÃO SEBASTIÃO,"AV. CAÇAPAVA, 251",2,30
ESCOLA ESTADUAL ENSINO MEDIO ANNE FRANK,"RUA CAUDURO, 238",2,30
COLÉGIO FARROUPILHA,"RUA CARLOS HUBER, 425",111,29
ESCOLA ESTADUAL ENS FUNDAMENTAL MEDIANEIRA,"RUA GENERAL GOMES CARNEIRO, 45",2,29
"UNIVERSITÁRIO, COLÉGIO","AV. TERESOPOLIS, 2805",114,29
ESCOLA ESTADUAL DUQUE DE CAXIAS,"RUA GENERAL CALDWELL, 1175",1,29
E. M. VILA MONTECRISTO,"BECO CARLOS SUPERTI, 84",160,29
GREMIO NAUTICO UNIAO - SEDE PETROPOLE TENIS CLUBE,"RUA REIS LOUZADA, 166 (GINASIO)",113,29
PROF. LEA ROSA CECCHINI BRUM - ESCOLA ESTADUAL,"RUA JOSÉ ALBANO WOLKMER, 347 (ESQ RUA MARTA COSTA FRANZEN)",113,29
SOCIEDADE EDUCACIONAL LEONARDO DA VINCI - BETA,"AV. ICARAI, 1879",160,29
COLEGIO ESTADUAL JULIO DE CASTILHOS,"AV. PIRATINI, 76",2,28
INSTITUTO SÃO FRANCISCO - PALLOTTI,TUPI N 212,111,28
CESI - ZONA SUL,"AV. JUCA BATISTA, 4770",161,28
DEP. VICTOR ISSLER - ESC. MUNICIPAL DE ENS. FUNDAMENTAL,"RUA DEZENOVE DE FEVEREIRO, 330 - CHACARA DA FUMACA",158,28
ESC. ESTADUAL DE ENSINO FUND. E MÉDIO SARMENTO LEITE,"RUA EUGÊNIO DU PASQUIER, 115",111,28
ESC. EST. DE 1 GRAU ARAUJO VIANA,"RUA NOVE DE JUNHO, 542",159,28
ESCOLA ESTADUAL DE ENSINO FUNDAMENTAL ANA NÉRI,"RUA JOAQUIM SILVEIRA, 730",112,27
ESCOLA ESTADUAL BRASÍLIA,"RUA DONA MARGARIDA, 1199",2,27
ESC. MUN. DE 1 GRAU INC. SAINT HILAIRE,"RUA GERVAZIO BRAGA PINHEIRO, 427 - VILA PANORAMA - PARADA 18",159,27
SOCIEDADE GINASTICA PORTO ALEGRE,BARAO DE COTEGIPE N 415,111,27
FACULDADE DE DIREITO-PUCRS (PRÉDIO 11),"AV. IPIRANGA, 6681 - PRÉDIO 11",159,26
COLEGIO BOM JESUS - SEVIGNE,"RUA DUQUE DE CAXIAS,1443",1,26
INSTITUTO ESTADUAL RIO BRANCO,"AV. PROTASIO ALVES, 999",2,26
COLEGIO LA SALLE DORES,"RUA RIACHUELO, 800",1,26
COLEGIO ISRAELITA BRASILEIRO,"AV. PROTASIO ALVES, 943",2,26
ESCOLA MUNICIPAL PEPITA DE LEAO,"RUA ESTADIO, 29",112,26
PRESIDENTE VARGAS - ESC. MUNICIPAL DE ENS. FUNDAMENTAL,"RUA ANA AURORA DO AMARAL LISBOA, 60",112,26
"MARIA IMACULADA, COLÉGIO","AV PADRE CACIQUE, 1028",114,25
ASSOCIACAO DE ENSINO SANTA TERESA DE JESUS,"AV. CAVALHADA, 2250",160,25
GONCALVES DIAS - ESCOLA ESTADUAL,CANDIOTA 145,111,25
ERICO VERISSIMO - ESCOLA ESTADUAL,"RUA COM. EDUARDO SECCO, S/N - IPE I",113,25
DOM PEDRO I - ESCOLA ESTADUAL,"RUA PEDRO BOTICARIO, 654",113,25
PROF. OTAVIO DE SOUZA - ESCOLA ESTADUAL,"RUA AFONSO RODRIGUES, 100",113,25
FLORINDA TUBINO SAMPAIO - ESCOLA ESTADUAL,AVENIDA MONTENEGRO N 269,111,25
EEEF SOLIMÕES,"ESTR. DAS QUIRINAS, PRÓX. PDA. 27",161,25
CLUBE COMERCIAL SARANDI,"AV. SALVADOR LEAO, 277 - VILA LEAO",112,25
PRES. ARTHUR DA COSTA E SILVA - COLEGIO EST. DE ENS. MEDIO,"RUA BADEN POWELL, 409 - PARQUE MINUANO",112,25
"PROF. ELPIDIO FERREIRA PAES, ESC EST","RUA INHANDUÍ, 432",114,24
"JOSE LOUREIRO DA SILVA, ESC MUNIC","AV. CAPIVARI, 1999",114,24
ESCOLA ESTADUAL URUGUAI,"TRAVESSA ANGUSTURA, S/N",2,24
BAHIA - E.E.E.F.,"RUA ANGELITO ASMUZ AIQUEL,125",111,24
"VENEZUELA, ESC EST ENS FUND",AV NITEROI - ESQUINA TRAV. VIAMAO,114,24
TRT - TRIBUNAL REGIONAL DO TRABALHO,"AV.  PRAIA DE BELAS, 1100",1,24
PASTOR DOHMS GINASIO EVANGELICO,"AMÉRICO VESPÚCIO, 483",111,24
COLÉGIO ESTADUAL CONEGO PAULO DE NADAL,"RUA FAMÍLIA GONÇALVES CARNEIRO, 105",160,23
CE ENGENHEIRO ILDO MENEGHETTI,"RUA EUGÊNIO RODRIGUES, 4919 (RESTINGA NOVA)",161,23
"PARANÁ, ESC EST ENS FUND","AV TAQUARY, 395",114,23
ESCOLA ADVENTISTA SARANDI,"RUA PASSOS FIGUEIROA, 841",158,23
CENTRO DE ENSINO MEDIO PASTOR DOHMS - UNIDADE ZONA NORTE,"AV. IRENE RUPERTI, 25",158,23
ESCOLA ESTADUAL DALTRO FILHO,"AV. AMÉRICA, 145",2,23
INSTITUTO SANTA LUZIA,"AV. CAVALHADA, 3999",160,23
ALDO LOCATELLI - ESCOLA ESTADUAL,"RUA THOMAZ FRANCISCO DE JESUS, S/N - VILA BRASILIA",113,22
TRIBUNAL DE JUSTICA DO RS - PALACIO,"PRACA DA MATRIZ, 55",1,22
ESCOLA ESTADUAL SAO FRANCISCO DE ASSIS,"AV. PRINCESA ISABEL, 1160",2,22
ESCOLA SÃO FRANCISCO - MENINO DEUS,"PRACA MENINO DEUS, 77",1,22
COLÉGIO KENNEDY,"AV. ALCIDES SÃO SEVERINO, 99",112,22
"ALBERTO TORRES, ESC EST ENS MED","AV. RODRIGUES DA FONSECA, 1666",114,22
"DR. PACHECO PRATES, ESC EST ENS FUND","PRACA NOSSA SENHORA DE BELÉM, S/N",114,21
"DR. VICTOR DE BRITTO, ESC EST ENS FUND","RUA SEBASTIÃO WOLF, 231",114,21
PAULO DA GAMA - ESCOLA ESTADUAL,"RUA SILVADO, 555",159,21
EEEF ARAGUAIA,"ESTR. GEDEON LEITE, 780",161,21
ARAUJO PORTO ALEGRE - ESC. EST. DE ENS. FUNDAMENTAL,"RUA PANDIA CALOGERAS, 429 - VILA ELIZABETH",158,21
ESCOLA ESTADUAL RIO DE JANEIRO,"RUA GENERAL LIMA E SILVA, 400",1,21
ESCOLA ESTADUAL DE EDUCAÇÃO BÁSICA DOLORES ALCARAZ CALDAS,"RUA AFONSO CELSO PUPE DA SILVEIRA, 25",112,21
INSS - UNIDADE REABILITACAO PROFISSIONAL,"AV. BENTO GONCALVES, 867",2,21
PROF. OTAVIO DE SOUZA - ESCOLA ESTADUAL (SEÇÕES DO SALÃO PAROQUIAL),"RUA AFONSO RODRIGUES, 100",113,21
ESCOLA ESTADUAL GABRIELA MISTRAL,"RUA CARLOS PESSOA DE BRUM, 150",2,21
JULIO BRUNELLI - ESC. EST. DE ENS. FUNDAMENTAL,"RUA FERNANDO CAMARANO, 220 - COHAB RUBEM BERTA",158,20
ESCOLA ESTADUAL ROQUE GONZALES,"AV. CAVALHADA, 2433",160,20
ESCOLA ESTADUAL TRES DE OUTUBRO,"PRACA COMENDADOR SOUZA GOMES, 2560",160,20
E. E. 1.G. JARDIM VILA NOVA,"RUA FERNANDO PESSOA, 380",160,20
E. E. 1.G. PARAÍBA,"R ADÃO PINHEIRO DA SILVA, 490",160,20
EMEF PROF. ANÍSIO TEIXEIRA,"RUA FRANCISCO MATTOS TERRES, 40",161,20
NÚCLEO DE EDUCAÇÃO DARCY VARGAS,"AV. JOAO PESSOA, 1070",2,19
PADRE LEO - ESC. EST. DE ENS. FUNDAMENTAL,"RUA NOSSA SENHORA DE FATIMA, 195",158,19
CENTRO MUNICIPAL DE EDUCAÇÃO TRABALHADORES - PAULO FREIRE,"RUA SANTA TERESINHA, 572",2,19
CLUBE CAIXEIROS VIAJANTES,"RUA DONA LAURA, 646",2,19
BENTO GONCALVES - ESC. EST. DE ENSINO FUNDAMENTAL,"RUA JORGE FURTADO, 47 - VILA NOVA SANTA ROSA",158,19
ESC. EST. DR. OSCAR TOLLENS,"RUA VIDAL DE NEGREIROS, 432",159,19
ESCOLA ADVENTISTA DE PORTO ALEGRE,"AV. OTTO NIEMEYER, 2124",160,19
JOSE MARIANO BECK - ESCOLA MUNICIPAL,"AV. JOAQUIM PORTO VILLANOVA, 135 - VILA PINTO",113,19
ESCOLA TECNICA ESTADUAL IRMAO PEDRO,"RUA FELIX DA CUNHA, 515",2,19
"JOAO XXIII, FUND EDUC","RUA SEPE TIARAJU,1013",114,19
EMEF DEPUTADO MARCÍRIO GOULART LOUREIRO,RUA SAIBREIRA S/N,159,18
EMEF PROF. LARRY JOSE RIBEIRO ALVES - CIEM,"AV. ECONOMISTA NILO WULFF, 1001 (RESTINGA NOVA)",161,18
ESCOLA ESTADUAL PAULA SOARES,"RUA GENERAL AUTO, 68",1,18
ESCOLA ESTADUAL CANDIDO PORTINARI,"RUA MUCIO TEIXEIRA, 252",1,18
"PROF. AFONSO GUERREIRO LIMA, ESC EST ENS FUND","RUA BANCO INGLÊS, 300",114,18
COLÉGIO MAE DE DEUS,"RUA DR. PEREIRA NETO, 475",160,18
COLEGIO MARISTA SAO PEDRO,"RUA ALVARO CHAVES, 601",2,18
"BRIGADEIRO SILVA PAES, ESC EST ENS FUND","RUA PROF CLEMENTE PINTO, 555",114,18
CEL. APARICIO BORGES - ESCOLA ESTADUAL,"AV. CEL. APARICIO BORGES, 2160",113,18
ESCOLA ESTADUAL AFONSO EMILIO MASSOT,"RUA JOSE HONORATO DOS SANTOS, 101",1,18
DR. FERREIRA DE ABREU - ESC. EST. DE ENS. FUNDAMENTAL,"RUA BATOVI, 25 - VILA LEAO",112,17
ESC. EST. SANTOS DUMONT,"RUA CAETE, 328",160,17
CHICO MENDES - ESC. MUNICIPAL DE ENS. FUNDAMENTAL,"RUA GENTIL AMANCIO CLEMENTE, S/N - CHÁCARA DA FUMAÇA",158,17
ESCOLA ESTADUAL INFANTE DOM HENRIQUE,"RUA GONCALVES DIAS, 1022",1,17
EEEF PROF. LANGENDONCK,"RUA JACUNDÁ, 365",161,17
ESCOLA ESTADUAL OTAVIO MANGABEIRA,"RUA SILVIO SILVEIRA SOARES, 2551",160,16
ESCOLA ESTADUAL OLEGARIO MARIANO,"RUA OLINDA, 99",2,16
GREMIO NAUTICO UNIAO,"RUA QUINTINO BOCAIUVA, 500",2,16
ESCOLA ESTADUAL LANDEL DE MOURA,"RUA JOSE GOMES, 400",160,16
RECANTO DA ALEGRIA E.E.E (ANT. POSTAO),"R. VALENTIM VICENTINI, 225",111,16
"JERONIMO DE ORNELAS, ESC EST ENS FUND","RUA SAO MIGUEL, 487",114,16
ESC. MUN. ENSINO FUND. PROFA. JUDITH MACEDO DE ARAUJO,"RUA SAUL CONSTANTINO, 100 - MORRO DA CRUZ",159,16
ESCOLA LA SALLE PÃO DOS POBRES,"RUA DA REPUBLICA, 801",1,16
ESCOLA ESTADUAL SOUZA LOBO,"AV. BAHIA, 948",2,15
ESCOLA ESTADUAL INACIO MONTANHA,"AV. JOAO PESSOA, 2125",1,15
ESTÁCIO / FARGS - FACULDADES RIO-GRANDENSES,"RUA MARECHAL FLORIANO PEIXOTO, 626",1,15
EMEF SENADOR ALBERTO PASQUALINI,"RUA TENENTE ARISOLY FAGUNDES, 250 (RESTINGA NOVA)",161,15
E. E. DE 1. E 2. GRAUS ODILA GAY DA FONSECA,"AV. OSVALDO GONCALVES CRUZ, 444",160,15
PARTENON TENIS CLUBE,"RUA PADRE CALDAS, 21 - GINÁSIO",113,15
ESCOLA ESTADUAL PADRE REUS,"AV. OTTO NIEMEYER, 650",160,15
SENAC - TECH,"AV. VENANCIO AIRES, 93",1,15
NOSSA SENHORA DO CENACULO - E.E.F.,"VIELA SAO BRAZ , 17",111,15
ESCOLA DE APLICACAO DINAH NERI PEREIRA,"AV. JOSE BONIFACIO, 497",2,15
CIRCULO SOCIAL ISRAELITA,"RUA JOAO TELES, 508",2,14
IMPERATRIZ DONA LEOPOLDINA - E.E.E.F.,"AV ITAJAI, 241",111,14
ESCOLA ESTADUAL VIOLETA MAGALHAES,"ESTRADA VILA MARIA, 415",160,14
INSTITUTO SÃO FRANCISCO  SANTA FAMILIA,"AV. PARA, 833",2,14
ESC. EST. DE ENSINO FUNDAMENTAL MADRE MARIA SELIMA,"RUA TENENTE ARY TARRAGO PARTENON, 130",159,14
ESCOLA ESTADUAL EUCLIDES DA CUNHA,"RUA BARAO DO CERRO LARGO, 385",1,14
ESCOLA ESTADUAL ILDEFONSO GOMES,"RUA LUIZ MANOEL, 02",2,14
ESCOLA ESTADUAL MARECHAL FLORIANO PEIXOTO,"RUA COMENDADOR CORUJA, 315",1,14
ESCOLA LA SALLE PÃO DOS POBRES (SEÇÕES OLINTHO DE OLIVEIRA),"RUA DA REPUBLICA, 801",1,14
CLUBE DO PROFESSOR GAÚCHO,"AV. GUAÍBA, 12060",161,13
"MACHADO DE ASSIS, ESC EST ENS FUND","RUA XAVIER DA CUNHA, 680",114,13
SALAO PAROQUIAL IGREJA CORAÇÃO DE JESUS,"RUA CORONEL MANOEL PY, 82",2,13
ESCOLA ESTADUAL RAFAEL PINTO BANDEIRA,"RUA CEL. CLAUDINO, 254",160,13
IMED / ATITUS,"RUA DONA LAURA, 1020",2,13
ESCOLA TECNICA ESTADUAL PAROBÉ,"AVENIDA LOUREIRO DA SILVA, 945",1,13
FACULDADE DE DIREITO - UFRGS,"AV. JOAO PESSOA, 80",1,13
ESCOLA ESTADUAL ERNESTO DORNELLES,"RUA DUQUE DE CAXIAS,385",1,13
"NACOES UNIDAS, ESC EST ENS FUND","RUA MANOEL DO CARMO, 100",114,13
MARIA TEREZA DA SILVEIRA - ESCOLA ESTADUAL,"RUA FURRIEL LUIZ ANTONIO VARGAS , 135",111,13
ASSOCIACAO ISRAELITA - CIRCULO SOCIAL E ESPORTIVO,"AV PROTASIO ALVES, 3435",113,13
EDUCANDÁRIO SÃO LUIZ,"RUA NICOLAU COELHO, 58",112,13
COLÉGIO JOÃO PAULO I,"RUA SÃO FRANCISCO DA CALIFÓRNIA, 90",2,12
EEEM RAUL PILLA,"RUA ENG. OSCAR DE OLIVEIRA RAMOS, 660 (RESTINGA NOVA)",161,12
ESCOLA ESTADUAL MANÉ GARRINCHA,"AV. ÉRICO VERÍSSIMO, 1255",1,12
SECRETARIA DA FAZENDA,"AV. SIQUEIRA CAMPOS, 1044",1,12
ESCOLA ESTADUAL WILLIAM RICHARD SCHISLER,"RUA VISCONDE DO HERVAL, 970",1,12
EEEF CLOTILDE CACHAPUZ MEDEIROS,"RUA ARACHANES, 242",161,12
E. E. PAULINA MORESCO,"RUA TOMÉ ANTONIO DE SOUZA,160",160,12
PAROQUIA DA ASCENSÃO,"RUA ENG. LUDOLFO BOEHL, 300",114,12
ESC. MUN. DE ENS. FUND. ARAMY SILVA,"RUA CHICO PEDRO, 390  F. 2413382",160,12
MAJOR MIGUEL JOSE PEREIRA - ESC. EST. DE ENS. FUNDAMENTAL,"RUA JACKSON DE FIGUEIREDO, 675 - VILA ELIZABETH",158,11
DR. EMILIO KEMP - ESCOLA ESTADUAL,"RUA MONTEIRO LOBATO, 475",113,11
EEEF HENRIQUE FARJAT,"AV. EDGAR PIRES DE CASTRO, 3050",161,11
SESC - CENTRO,"AV. ALBERTO BINS, 665",1,11
FORO TRABALHISTA DE PORTO ALEGRE,"AV. PRAIA DE BELAS, 1432",1,11
SENAC,"RUA CORONEL GENUINO, 130",1,11
EEEM OSCAR COELHO DE SOUZA,"ESTR. DO VAREJÃO, 372",161,11
INSTITUTO DA PROVIDENCIA,"RUA DEMETRIO RIBEIRO, 594",1,11
ESCOLA ESTADUAL OSORIO DUQUE ESTRADA,"RUA CIDADE DE NATAL, 125",160,11
SALAO PAROQUIAL DA IGREJA  NOSSA SENHORA DA POMPEIA,"RUA BARROS CASSAL, 220",1,10
"SANTA RITA DE CASSIA, ESC EST ENS FUND","RUA SILVEIRO, 1640",114,10
ESCOLA ESTADUAL PROTASIO ALVES,"AV. IPIRANGA, 1090",1,10
ESCOLA MUNIC. DE 1º GRAU VEREADOR ANTÔNIO GIUDICE,RUA DR CAIO BRANDÃO DE MELO S/N,111,10
ESCOLA MÃE ADMIRÁVEL,RUA BARONESA DO GRAVATAÍ 165,1,10
ESCOLA ESTADUAL LEOPOLDA BARNEWITZ,"RUA JOAO ALFREDO, 443",1,10
ESCOLA ESTADUAL BRIGADEIRO FRANCISCO DE LIMA E SILVA,"RUA TUNÍSIA, 60",112,10
ESCOLA ESTADUAL DE 1 GRAU JOSE GARIBALDI,"RUA CAIO BRANDAO DE MELO, S/N",111,10
ESCOLA ESTADUAL LUCIANA DE ABREU,"RUA JACINTO OSORIO, 60",2,10
ENG. RODOLFO AHRONS - ESC. EST. DE ENS. FUNDAMENTAL,"EST. ANTÔNIO SEVERINO, 109 - VILA VARIG",158,10
EMEF CAMPOS DO CRISTAL,"BECO DO IMPÉRIO, 75 - VILA NOVA",161,10
UNIRITTER - CENTRO UNIVERSITÁRIO RITTER DOS REIS,"RUA ORFANOTRÓFIO, 555",114,10
CE DOUTOR GLICÉRIO ALVES,"RUA EUSTÁQUIO INÁCIO DA SILVEIRA, 300",161,10
"CIDADE JARDIM, ESC EST ENS FUND","AV. FABIO ARAUJO SANTOS, S/N",114,9
COLEGIO VICENTINO SANTA CECILIA,"RUA FELIPE DE OLIVEIRA, 448",2,9
PORTO ALEGRE - ESCOLA ESTADUAL DE ENSINO FUNDAMENTAL,"RUA JOAO DALLEGRAVE, 130",112,9
DÉCIO MARTINS COSTA - ESC. EST. VILA ELIZABETH,"RUA DOMIGOS DE ABREU, 967 - VILA ELIZABETH",158,9
COL. ROMANO II - UNID. SÃO MATEUS (ANTIGO ESPIRITO SANTO),"RUA BORTOLO BARBIERI, 90",111,9
IGREJA SAO MATEUS - GINASIO DE ESPORTES,"RUA SARGENTO NICOLAU DIAS DE FARIAS, 568",160,9
PRES. JOAO BELCHIOR M. GOULART - ESC. MUN. DE ENS. FUND.,"RUA JOAO LUIZ PUFAL, 100 - VILA ELIZABETE",158,9
INSTITUTO DE ARTES DA UFRGS,"RUA SENHOR DOS PASSOS, 248",1,9
COLÉGIO CONCÓRDIA,"AV. PRESIDENTE FRANKLIN ROOSEVELT, 770",2,9
ESCOLA ESTADUAL BRANCA DIVA PEREIRA DE SOUZA,"AV. SAO PAULO, 1020",2,9
ESCOLA ESTADUAL PEDRO SIRANGELO,"RUA JOSE CORREA DA SILVA, 380",160,9
"IGREJA SAO JOSE, SALÃO PAROQUIAL","AV. RODRIGUES DA FONSECA, 1459",114,9
INSTITUTO IMACULADO CORACAO DE MARIA,"RUA RIACHUELO, 508",1,8
UNIVERSIDADE FEDERAL DE CIÊNCIAS DA SAÚDE  DE PORTO ALEGRE,"RUA SARMENTO LEITE, 245",1,8
ESCOLA NORMAL 1 DE MAIO,"AV. PRESIDENTE FRANKLIN ROOSEVELT, 149",2,8
ESCOLA ESTADUAL VISCONDE DO RIO GRANDE,"PRACA ARATIBA, 19",160,8
ESC. ESTADUAL DE ENSINO FUND. AURÉLIO REIS,"RUA MONTE ALEGRE, 119",111,8
ESCOLA DE ADMINISTRACAO DA UFRGS,"RUA WASHINGTON LUIZ, 855",1,8
CARLOS FAGUNDES DE MELLO UNIDADE ESTADUAL DE ENSINO,RUA D QUADRA 28,111,8
EEEF DR. JOSÉ LOUREIRO DA SILVA,"ESTR. RETIRO DA PONTA GROSSA, 3541",161,8
E. M. 1.G. LEOCÁDIA FELIZARDO PRESTES,"RUA ROMEU VASCONCELOS ROSA, 10",160,8
CLUBE DOS JANGADEIROS,"RUA ERNESTO DE PAIVA, 139",160,8
COLEGIO ROMANO SANTA MARTA,"RUA MARCILIO DIAS, 1201",1,8
COLÉGIO ESTADUAL DOM JOÃO BECKER,NOVA PRATA N 185,111,8
ESCOLA ESTADUAL ALCEU WAMOSY,"RUA JARDIM DAS BROMÉLIAS, 52",160,8
EEEF EVARISTA FLORES DA CUNHA,"PÇA. INÁCIO ANTÔNIO DA SILVA, S/N",161,7
PALACIO DO MIN. PUBLICO - FORTE APACHE,"RUA JERONIMO COELHO, 23",1,7
N.S.DO MONTSERRAT SALAO PAROQUIAL DA IGREJA,ANITA GARIBALDI N 1121,111,7
LAURO RODRIGUES - ESC. MUNICIPAL DE ENS. FUNDAMENTAL,"RUA DR. MARINO ABRAHAO, 240",112,7
"FERNANDO FERRARI, ESC EST ENS FUND","RUA UPAMOROTI, 1200",114,7
EEF MADRE RAFFO,"RUA DOUTOR CARLOS FLORES, 53",161,7
EMEF DOLORES ALCARAZ CALDAS,"RUA CARLOS NIEDERAUER HOFMEISTER, 85 (RESTINGA NOVA)",161,7
EMEF LIDOVINO FANTON,"RUA MANOEL FARIA ROSA PRIMO, 940 (RESTINGA VELHA)",161,7
"SIMOES LOPES NETO, ESC EST ENS FUND","RUA IRMAO PEDRO, 82",114,7
TRISTEZENSE PISCINA CLUBE,"RUA DR. ARMANDO BARBEDO, 300",160,7
EEEF LUIZ GAMA,"RUA HONDURAS, 115 - LOT. MARIANTE",161,7
EEEF GENOVEVA DA COSTA BERNARDES,"ESTR. OTAVIANO JOSÉ PINTO, 50",161,7
SENAI VISCONDE DE MAUÁ,"RUA COMENDADOR TAVARES, 436-582",2,6
"MARIA IMACULADA, ESCOLA","RUA GENERAL GOMES CARNEIRO, 364",114,6
ASSOCIACAO DO PESSOAL DA CAIXA ECONÔMICA FEDERAL,"AV. CEL. MARCOS, 627",160,6
EEEF GENERAL NETO,"AV. EDGAR PIRES DE CASTRO, 10521",161,6
EMEF RINCÃO,"RUA LUIZ OTAVIO, 391",161,6
E. E. 1.G. MONTE LÍBANO,"RUA LEMÚRIA, 10",160,6
"SÃO JOÃO LUIZ ORIONE, CAPELA","RUA DORMENIO, 487 - ESQUINA RUA PRISMA",114,5
AMERICA - ESCOLA ESTADUAL DE ENSINO FUNDAMENTAL,"RUA OCTACILIO JOSE DIAS, S/N",112,5
EEEF NOSSA SENHORA DA CONCEIÇÃO,"AV. JOÃO ANTÔNIO DA SILVEIRA, 5071",161,5
INSTITUTO EDUCACIONAL JOAO PAULO I,"TRAVESSA PEDRA REDONDA, 400",160,5
EEEM JOSÉ DO PATROCINIO,"RUA BELIZE, 261 (RESTINGA VELHA)",161,5
COLÉGIO MARISTA IPANEMA,AV. CEL MARCOS 1959,160,5
PROF. AURORA PEIXOTO DE AZEVEDO - ESC. EST. DE ENS. FUNDAMENTAL,"RUA PEDRO DOS SANTOS SÁ, 50 - VILA NOVA BRASILIA",158,5
FACULDADE DE CIENCIAS ECONOMICAS - UFRGS,"AV. JOAO PESSOA, 52",1,5
ESCOLA ESTADUAL CAMILA FURTADO ALVES,"RUA ALMIRANTE BARROSO, 79",2,5
SÃO FRANCISCO PROJETO SOCIAL,"AV. PRINCIPAL DA PONTA GROSSA, 1701",161,4
PARÓQUIA N. S. APARECIDA - C. SOCIAL PE. PEDRO LEONARDI,"ESTR. CHÁCARA DO BANCO, 71 (RESTINGA VELHA)",161,4
GINASIO - PARQUE ARARIGBOIA,"RUA SAICÃ, 06",113,4
"GABRIEL OBINO, ESC MUNIC","AV. ENG. LUDOLFO BOEHL, 1402",114,4
"JOÃO PAULO, COLÉGIO","AV. PADRE CACIQUE, 532",114,4
EMEF VEREADOR CARLOS PESSOA DE BRUM,"RUA ABOLIÇÃO, 1 (RESTINGA VELHA)",161,4
TRIBUNAL DE CONTAS DO ESTADO,"RUA 7 DE SETEMBRO, 388",1,4
EMEF CHAPÉU DO SOL,"RUA GOMERCINDO DE OLIVEIRA, S/N - LOT. CHAPÉU DO SOL",161,4
INSTITUTO ESTADUAL DE EDUCACAO GENERAL FLORES DA CUNHA,"AV. OSVALDO ARANHA, 527",2,3
EMEEF TRISTÃO SUCUPIRA VIANNA,"AV. ECONOMISTA NILO WULFF, 955 (RESTINGA NOVA)",161,3
DANILO ANTONIO ZAFFARI - E.E.E.F.,"RUA MARCOS KRUCHIN, 291",111,3
CENTRO COMUNITARIO PARQUE MADEPINHO,"RUA ARROIO GRANDE, 50",160,3
EEEF HEITOR VILLA-LOBOS,"ESTR. DA EXTREMA, 2943",161,3
CARLOS BARBOSA GONCALVES - ESCOLA ESTADUAL,TRAVESSA HEIZELMANN N 250,111,3
CONSELHO REGIONAL DE QUÍMICA,"AV. ITAQUI, 45",2,3
ESCOLA DELTA,AVENIDA PRESIDENTE VARGAS 1650,1,3
"CRISTOVÃO COLOMBO, ESC. EST. E. MÉDIO","RUA REZENDE COSTA, 805",158,3
INSS,"RUA JERONIMO COELHO, 127",1,3
COLEGIO MARISTA CHAMPAGNAT - SECAO ESPECIAL,"AV. BENTO GONCALVES, 4314",159,3
ESCOLA ESTADUAL CANDIDO JOSE DE GODOI,"AV. FRANCA, 400",2,3
EEIEF FAG NHIN,"ESTR. JOÃO DE OLIVEIRA REMIÃO, 9105 - PDA. 25",161,2
CESMAR - CENTRO SOCIAL MARISTA,"ESTRADA ANTONIO SEVERINO,1493",158,2
ESPORTE CLUBE LAJEADO,"AV. EDGAR PIRES DE CASTRO, 9316",161,2
EMEF NOSSA SENHORA DO CARMO,"RUA BISPO MARINO PRUDÊNCIO MOREIRA, 95 (5A UNIDADE)",161,2
EMEF MÁRIO QUINTANA,"RUA C, 1 (VILA CASTELO - 5 UNIDADE)",161,2
LIONS CLUB P.A. FARRAPOS ESC EST DE 1 GRAU,DONA TEODORA N 1156,111,2
SANTA LUIZA OBRA SOCIAL,RUA D N 30,111,2
ESCOLA ESTADUAL OSCAR SCHMITT - I.DAS FLORES,"RUA DO PESCADOR, 690 - ILHA DAS FLORES",1,2
EEEF CUSTÓDIO DE MELLO,"RUA ARGEMIRO OGANDO CORRÊA, 220",161,1
E. E. 1.G. INC. DR.TANCREDO NEVES,"RUA VER. ROBERTO LANDELL DE MOURA, 448",160,1
ESCOLA ESTADUAL MARIA JOSE MABILDE - I.PINTADA,"AV.PRES.VARGAS,129(ANTIGA RUA N.SRA DA BOA VIAGEM,300) ILHA DA PINTADA",1,1
EEEF PEDRO AMERICO,"ESTR. CHAPÉU DO SOL, 1680",161,1
EEEF MARGARIDA COELHO DE SOUZA,"AV. DO LAMI, 4742",161,1
